job,location,salary
Chauffeur-livreur / Chauffeuse-livreuse (H/F),91 - MORANGIS - Localiser avec Mappy,"Salaire : Mensuel de 1700,00 Euros à 1820,00 Euros sur 12 mois"
Chauffeur-livreur préparateur / Chauffeuse-livreuse préparatrice de commande,91 - VILLEBON SUR YVETTE - Localiser avec Mappy,"Salaire : Mensuel de 1700,00 Euros sur 12 mois Primes"
Chauffeur-livreur / Chauffeuse-livreuse VL (H/F),77 - CROISSY BEAUBOURG - Localiser avec Mappy,"Salaire : Horaire de 11,18 Euros"
Chauffeur(se)-livreur(se) préparateur(trice) de commandes (H/F),94 - ORLY - Localiser avec Mappy,"Salaire : Mensuel de 1539,45 Euros sur 12 mois"
ELS / Livreur(se) (H/F),75 - PARIS 17 - Localiser avec Mappy,"Salaire : Mensuel de 1540,00 Euros à 1540,00 Euros sur 12 mois"
Chauffeur-livreur / Chauffeuse-livreuse (H/F),92 - MONTROUGE - Localiser avec Mappy,"Salaire : Mensuel de 2000,00 Euros sur 12 mois Primes Chèque repas"
Poseur /Livreur (H/F),77 - ST SAUVEUR SUR ECOLE - Localiser avec Mappy,"Salaire : Mensuel de 2500,00 Euros à 2500,00 Euros sur 12 mois"
Conducteur livreur / Conductrice livreuse poids lourds (H/F),94 - THIAIS - Localiser avec Mappy,Salaire : Selon profil
Chauffeur-livreur / Chauffeuse-livreuse (H/F),94 - THIAIS - Localiser avec Mappy,Salaire : Selon profil
Conducteur livreur / Conductrice livreuse poids lourds (H/F),95 - ARGENTEUIL - Localiser avec Mappy,"Salaire : Mensuel de 1800,00 Euros sur 12 mois"
Chauffeur-livreur / Chauffeuse-livreuse (H/F),91 - LISSES - Localiser avec Mappy,"Salaire : Mensuel de 1600,00 Euros à 1800,00 Euros sur 12 mois"
CHAUFFEUR LIVREUR INSTALLATEUR (H/F) H/F,78 - VERSAILLES - Localiser avec Mappy,"Salaire : Mensuel de 1850,00 Euros sur 12 mois Primes PRIME TELEPHONE+"
Chauffeur-livreur préparateur / Chauffeuse-livreuse préparatrice de commande,75 - PARIS 20 - Localiser avec Mappy,"Salaire : Mensuel de 1700,00 Euros à 1900,00 Euros sur 12 mois"
CHAUFFEUR-LIVREUR PERMIS PL (H/F),92 - CHATILLON - Localiser avec Mappy,Salaire : Primes Grille fonction p
Chauffeur-livreur / Chauffeuse-livreuse (H/F),92 - COURBEVOIE - Localiser avec Mappy,Salaire : Mensuel de 1850 Euros à 2000 Euros sur 12 mois
Chauffeur-livreur / Chauffeuse-livreuse (H/F),75 - PARIS 16 - Localiser avec Mappy,"Salaire : Mensuel de 1650,00 Euros à 1700,00 Euros sur 12 mois"
monteur et livreur de meubles h/f,75 - PARIS 11 - Localiser avec Mappy,"Salaire : Mensuel de 1600,00 Euros sur 12 mois"
Chauffeur-livreur / Chauffeuse-livreuse (H/F),95 - BERNES SUR OISE - Localiser avec Mappy,"Salaire : Mensuel de 1600,00 Euros à 2000,00 Euros sur 12 mois"
Conducteur livreur / Conductrice livreuse messagerie (H/F),93 - ST DENIS - Localiser avec Mappy,"Salaire : Mensuel de 2000,00 Euros à 3000,00 Euros sur 12 mois"
Chauffeur-livreur / Chauffeuse-livreuse Poste de NUIT (H/F),77 - PONTAULT COMBAULT - Localiser avec Mappy,"Salaire : Mensuel de 2075,48 Euros sur 12 mois"
Livreur / Livreuse de plats cuisinés,94 - MAROLLES EN BRIE - Localiser avec Mappy,Salaire : CC smic +
Chauffeur-livreur / Chauffeuse-livreuse,94 - VITRY SUR SEINE - Localiser avec Mappy,"Salaire : Mensuel de 1555,00 Euros sur 12 mois"
Chauffeur-livreur / Chauffeuse-livreuse,91 - MORIGNY CHAMPIGNY - Localiser avec Mappy,Salaire : 1500  net/mois
Conducteur livreur / Conductrice livreuse poids lourds,93 - TREMBLAY EN FRANCE - Localiser avec Mappy,"Salaire : Mensuel de 2035,10 Euros sur 12 mois Mutuelle"
Chauffeur-livreur / Chauffeuse-livreuse (H/F),78 - BUC - Localiser avec Mappy,"Salaire : Mensuel de 1600,00 Euros sur 12 mois Primes"
Chauffeur-livreur / Chauffeuse-livreuse,77 - DAMMARIE LES LYS - Localiser avec Mappy,"Salaire : Mensuel de 1597,00 Euros sur 12 mois Mutuelle"
Chauffeur-livreur / Chauffeuse-livreuse (H/F),78 - TRAPPES - Localiser avec Mappy,"Salaire : Mensuel de 1655,77 Euros à 1655,77 Euros sur 12 mois Primes"
Livreur / Livreuse de marchandises à domicile (H/F),92 - VILLENEUVE LA GARENNE - Localiser avec Mappy,"Salaire : Mensuel de 1539,42 Euros à 1539,42 Euros sur 12 mois Chèque repas"
Chauffeur-livreur / Chauffeuse-livreuse (H/F),94 - LE PLESSIS TREVISE - Localiser avec Mappy,"Salaire : Mensuel de 1600,00 Euros à 1601,00 Euros sur 12 mois"
Coursier livreur / Coursière livreuse de pizzas,78 - GARGENVILLE - Localiser avec Mappy,"Salaire : Horaire de 10,15 Euros"
Chauffeur-livreur / Chauffeuse-livreuse,91 - ST PIERRE DU PERRAY - Localiser avec Mappy,"Salaire : Mensuel de 1555,00 Euros sur 12 mois"
LIVREUR INSTALLATEUR CONSEIL H/F,94 - VITRY SUR SEINE - Localiser avec Mappy,"Salaire : Mensuel de 1750,00 Euros à 1900,00 Euros sur 12 mois"
Chauffeur-livreur / Chauffeuse-livreuse,92 - GENNEVILLIERS - Localiser avec Mappy,"Salaire : Horaire de 10,15 Euros sur 12 mois Mobile"
Chauffeur-livreur / Chauffeuse-livreuse (H/F),91 - WISSOUS - Localiser avec Mappy,"Salaire : 1668,37 euros Brut Mensuel"
Conducteur livreur / Conductrice livreuse poids lourds (H/F),94 - CHEVILLY LARUE - Localiser avec Mappy,Salaire : Mensuel de 2350 Euros à 2351 Euros sur 12 mois
Chauffeur-livreur / Chauffeuse-livreuse (H/F),91 - ARPAJON - Localiser avec Mappy,"Salaire : Mensuel de 1600,00 Euros à 1700,00 Euros sur 13 mois"
chauffeur livreur (H/F),Ile-de-France,"Salaire : Horaire de 11,00 Euros"
chauffeur livreur déménageur () (H/F),77 - ST SAUVEUR SUR ECOLE - Localiser avec Mappy,"Salaire : Mensuel de 1820,00 Euros à 2100,00 Euros sur 12 mois"
Chauffeur-livreur / Chauffeuse-livreuse (H/F),93 - NEUILLY PLAISANCE - Localiser avec Mappy,"Salaire : Mensuel de 1586,24 Euros à 1650,00 Euros sur 12 mois Véhicule"
Chauffeur-Livreur H/F,92 - LE PLESSIS ROBINSON - Localiser avec Mappy,"Salaire : Mensuel de 1350,00 Euros à 1370,00 Euros sur 12 mois"
Chauffeur-livreur / Chauffeuse-livreuse,91 - CORBEIL ESSONNES - Localiser avec Mappy,"Salaire : Mensuel de 1650,00 Euros sur 13 mois"
Conducteur livreur installateur / Conductrice livreuse inst (H/F),Ile-de-France,"Salaire : Mensuel de 1550,00 Euros à 1650,00 Euros sur 12 mois Primes"
PREPARATEUR CHAUFFEUR LIVREUR (H/F),94 - RUNGIS - Localiser avec Mappy,"Salaire : Mensuel de 1905,00 Euros à 1910,00 Euros sur 12 mois"
Chauffeur-livreur préparateur / Chauffeuse-livreuse prépara (H/F),94 - CHENNEVIERES SUR MARNE - Localiser avec Mappy,"Salaire : Mensuel de 2000,00 Euros à 2000,00 Euros sur 12 mois Primes"
Chauffeur-livreur / Chauffeuse-livreuse (H/F),95 - ST OUEN L AUMONE - Localiser avec Mappy,"Salaire : Mensuel de 1800,00 Euros à 2300,00 Euros sur 12 mois"
Coursier livreur / Coursière livreuse de plats cuisinés,95 - BEZONS - Localiser avec Mappy,"Salaire : Horaire de 10,15 Euros"
Chauffeur-livreur / Chauffeuse-livreuse (H/F),91 - LISSES - Localiser avec Mappy,"Salaire : Mensuel de 1600,00 Euros à 1800,00 Euros sur 12 mois Primes panier repas"
Chauffeur-livreur / Chauffeuse-livreuse (H/F),94 - VILLEJUIF - Localiser avec Mappy,"Salaire : Mensuel de 1550,00 Euros à 1780,00 Euros sur 12 mois Mobile"
Chauffeur-livreur / Chauffeuse-livreuse (H/F),92 - COURBEVOIE - Localiser avec Mappy,Salaire : Mensuel de 1850 Euros à 2000 Euros sur 12 mois
Livreur / Magasinier / Cariste (H/F),94 - VILLEJUIF - Localiser avec Mappy,"Salaire : Mensuel de 1800,00 Euros à 2200,00 Euros sur 12 mois"
Chauffeur-livreur / Chauffeuse-livreuse,91 - Prise de poste Villejust - Localiser avec Mappy,Salaire : Mensuel de 1900 Euros sur 12 mois Restauration
Chauffeur-livreur / Chauffeuse-livreuse (H/F),78 - GARGENVILLE - Localiser avec Mappy,"Salaire : Mensuel de 1540,00 Euros sur 12 mois Véhicule"
Livreur installateur en alternance (H/F),Ile-de-France,"Salaire : Horaire de 10,15 Euros selon barème légal durant formation"
Opérateur(rice) de livraison colis H/F,78 - POISSY - Localiser avec Mappy,"Salaire : Annuel de 21000,00 Euros sur 12 mois Primes complément enfant"
collecteur / collectrice de vêtements usagés (H/F),94 - CHEVILLY LARUE - Localiser avec Mappy,"Salaire : Mensuel de 1800,00 Euros à 3000,00 Euros sur 12 mois"
collecteur / collectrice de vêtements usagés (H/F),94 - VILLEJUIF - Localiser avec Mappy,"Salaire : Mensuel de 1800,00 Euros à 3000,00 Euros sur 12 mois"
collecteur / collectrice de vêtements usagés (H/F),94 - RUNGIS - Localiser avec Mappy,"Salaire : Mensuel de 1800,00 Euros à 3000,00 Euros sur 12 mois"
collecteur / collectrice de vêtements usagés (H/F),94 - FRESNES - Localiser avec Mappy,"Salaire : Mensuel de 1800,00 Euros à 3000,00 Euros sur 12 mois"
collecteur / collectrice de vêtements usagés (H/F),91 - VILLABE - Localiser avec Mappy,"Salaire : Mensuel de 1800,00 Euros à 3000,00 Euros sur 12 mois"
collecteur / collectrice de vêtements usagés (H/F),91 - MENNECY - Localiser avec Mappy,"Salaire : Mensuel de 1800,00 Euros à 3000,00 Euros sur 12 mois"
collecteur / collectrice de vêtements usagés (H/F),91 - CORBEIL ESSONNES - Localiser avec Mappy,"Salaire : Mensuel de 1800,00 Euros à 3000,00 Euros sur 12 mois"
collecteur / collectrice de vêtements usagés (H/F),77 - VAUX LE PENIL - Localiser avec Mappy,"Salaire : Mensuel de 1800,00 Euros à 3000,00 Euros sur 12 mois"
collecteur / collectrice de vêtements usagés (H/F),77 - LE MEE SUR SEINE - Localiser avec Mappy,"Salaire : Mensuel de 1800,00 Euros à 3000,00 Euros sur 12 mois"
collecteur / collectrice de vêtements usagés (H/F),77 - LIEUSAINT - Localiser avec Mappy,"Salaire : Mensuel de 1800,00 Euros à 3000,00 Euros sur 12 mois"
collecteur / collectrice de vêtements usagés (H/F),77 - CESSON - Localiser avec Mappy,"Salaire : Mensuel de 1800,00 Euros à 3000,00 Euros sur 12 mois"
collecteur / collectrice de vêtements usagés (H/F),77 - DAMMARIE LES LYS - Localiser avec Mappy,"Salaire : Mensuel de 1800,00 Euros à 3000,00 Euros sur 12 mois"
collecteur / collectrice de vêtements usagés (H/F),77 - MELUN - Localiser avec Mappy,"Salaire : Mensuel de 1800,00 Euros à 3000,00 Euros sur 12 mois"
collecteur / collectrice de vêtements usagés (H/F),95 - LE PLESSIS BOUCHARD - Localiser avec Mappy,"Salaire : Mensuel de 1539,42 Euros à 3000,00 Euros sur 12 mois"
collecteur / collectrice de vêtements usagés (H/F),95 - SANNOIS - Localiser avec Mappy,"Salaire : Mensuel de 1539,42 Euros à 3000,00 Euros sur 12 mois"
collecteur / collectrice de vêtements usagés (H/F),95 - EAUBONNE - Localiser avec Mappy,"Salaire : Mensuel de 1539,42 Euros à 3000,00 Euros sur 12 mois"
collecteur / collectrice de vêtements usagés (H/F),95 - ERMONT - Localiser avec Mappy,"Salaire : Mensuel de 1539,42 Euros à 3000,00 Euros sur 12 mois"
collecteur / collectrice de vêtements usagés (H/F),95 - DEUIL LA BARRE - Localiser avec Mappy,"Salaire : Mensuel de 1800,00 Euros à 3000,00 Euros sur 12 mois"
Conducteur véhicule publicitaire H/F,77 - TRILPORT - Localiser avec Mappy,"Salaire : Mensuel de 1539,42 Euros à 1539,42 Euros sur 12 mois"
Chauffeur SPL régional (H/F),94 - VILLENEUVE LE ROI - Localiser avec Mappy,Salaire : Mensuel de 1700 Euros à 2000 Euros sur 12 mois
CHAUFFEUR / MONTEUR (H/F),95 - ST OUEN L AUMONE - Localiser avec Mappy,Salaire : Mensuel de 1600 Euros à 1800 Euros sur 12 mois
AGENT POLYVALENT (H/F),77 - MITRY MORY - Localiser avec Mappy,"Salaire : Annuel de 19000,00 Euros à 20000,00 Euros sur 12 mois"
TECHNICIEN(NE) CONSEIL EHPAD (H/F),77 - MITRY MORY - Localiser avec Mappy,"Salaire : Annuel de 24000,00 Euros à 26000,00 Euros sur 12 mois"
AGENT(e) POLYVALENT (e) (H/F),77 - MITRY MORY - Localiser avec Mappy,"Salaire : Annuel de 19000,00 Euros à 20000,00 Euros sur 12 mois"
Conducteur / Conductrice de benne à ordures (H/F),78 - VERSAILLES - Localiser avec Mappy,Salaire : Mensuel de 1550 Euros à 1750 Euros sur 12 mois
Chauffeur de véhicules légers (H/F),75 - PARIS 18 - Localiser avec Mappy,"Salaire : Mensuel de 1750,00 Euros à 1850,00 Euros sur 12 mois"
Chauffeur-magasinier / Chauffeuse-magasinière,77 - MOUROUX - Localiser avec Mappy,Salaire : A voir avec l'employeur selon profil
